Learning Rate,Gain,Look Back,Epochs,Threshold,Average Overlap
0.03,0.315,4,10,0.45,0.7564497292041779
0.03,0.315,4,10,0.48,0.8040426522493362
0.03,0.315,4,10,0.5,0.7446349412202835
